{
  "products": [
    {
      "id": "1",
      "name": "1. Unique string from 3 to 100 characters",
      "description": "Description string between 5 and 1000 characters and price must be a number between 1 and 20,000 with 2 decimal place precision.",
      "price": 5000
    },
    {
      "id": "2",
      "name": "2. Unique string from 3 to 100 characters",
      "description": "Description string between 5 and 1000 characters and price must be a number between 1 and 20,000 with 2 decimal place precision.",
      "price": 5000
    },
    {
      "id": "3",
      "name": "3. Unique string from 3 to 100 characters",
      "description": "Description string between 5 and 1000 characters and price must be a number between 1 and 20,000 with 2 decimal place precision.",
      "price": 5000
    },
    {
      "id": "4",
      "name": "a",
      "description": "d",
      "price": 123
    },
    {
      "id": "5",
      "name": "b",
      "description": "qwer",
      "price": 34
    },
    {
      "id": "6",
      "name": "c",
      "description": "qwer",
      "price": 123
    },
    {
      "id": "7",
      "name": "e",
      "description": "srsas",
      "price": 234
    },
    {
      "id": "8",
      "name": "a",
      "description": "d",
      "price": 123
    },
    {
      "id": "9",
      "name": "b",
      "description": "qwer",
      "price": 34
    },
    {
      "id": "10",
      "name": "c",
      "description": "qwer",
      "price": 123
    },
    {
      "id": "11",
      "name": "e",
      "description": "srsas",
      "price": 234
    }
  ]
}